{
  "slope": 1.5000000000000058,
  "intercept": 4.7999999999999705,
  "coupling_factor": 0.0001
}